scenarij,TimeStep,kategorija,pos_zgornja,neg_zgornja,vozila_zgornja,pos_spodnja,neg_spodnja,vozila_spodnja,Cas
50pct,0,stanovanjsko,301893.8715498586,61029.32845014139,8401,0.0,0.0,0.0,00:00
50pct,1,stanovanjsko,301893.8715498586,61029.32845014139,8401,0.0,0.0,0.0,00:15
50pct,2,stanovanjsko,301893.8715498586,61029.32845014139,8401,0.0,0.0,0.0,00:30
50pct,3,stanovanjsko,301893.8715498586,61029.32845014139,8401,0.0,0.0,0.0,00:45
50pct,4,stanovanjsko,301893.8715498586,61029.32845014139,8401,0.0,0.0,0.0,01:00
50pct,5,stanovanjsko,301893.8715498586,61029.32845014139,8401,0.0,0.0,0.0,01:15
50pct,6,stanovanjsko,301893.8715498586,61029.32845014139,8401,0.0,0.0,0.0,01:30
50pct,7,stanovanjsko,301893.8715498586,61029.32845014139,8401,0.0,0.0,0.0,01:45
50pct,8,stanovanjsko,301893.8715498586,61029.32845014139,8401,0.0,0.0,0.0,02:00
50pct,9,stanovanjsko,301893.8715498586,61029.32845014139,8401,0.0,0.0,0.0,02:15
50pct,10,stanovanjsko,301893.8715498586,61029.32845014139,8401,0.0,0.0,0.0,02:30
50pct,11,stanovanjsko,301893.8715498586,61029.32845014139,8401,0.0,0.0,0.0,02:45
50pct,12,stanovanjsko,301893.8715498586,61029.32845014139,8401,0.0,0.0,0.0,03:00
50pct,13,stanovanjsko,301893.8715498586,61029.32845014139,8401,0.0,0.0,0.0,03:15
50pct,14,stanovanjsko,301893.8715498586,61029.32845014139,8401,0.0,0.0,0.0,03:30
50pct,15,stanovanjsko,301893.8715498586,61029.32845014139,8401,0.0,0.0,0.0,03:45
50pct,16,stanovanjsko,301893.8715498586,61029.32845014139,8401,0.0,0.0,0.0,04:00
50pct,17,stanovanjsko,301893.8715498586,61029.32845014139,8401,0.0,0.0,0.0,04:15
50pct,18,stanovanjsko,301893.8715498586,61029.32845014139,8401,0.0,0.0,0.0,04:30
50pct,19,stanovanjsko,301893.8715498586,61029.32845014139,8401,0.0,0.0,0.0,04:45
50pct,20,stanovanjsko,301893.8715498586,61029.32845014139,8401,0.0,0.0,0.0,05:00
50pct,21,stanovanjsko,301893.8715498586,61029.32845014139,8401,0.0,0.0,0.0,05:15
50pct,22,stanovanjsko,301893.8715498586,61029.32845014139,8401,0.0,0.0,0.0,05:30
50pct,23,stanovanjsko,301893.8715498586,61029.32845014139,8401,0.0,0.0,0.0,05:45
50pct,24,stanovanjsko,297292.6065410312,60057.79345896881,8272,0.0,0.0,0.0,06:00
50pct,25,delovno_neopredeljeno,37.32720399322051,5.872796006779494,1,37.32720399322051,5.872796006779494,1.0,06:15
50pct,25,drugo_neopredeljeno,235.24049239210365,67.15950760789634,7,0.0,0.0,0.0,06:15
50pct,25,industrijsko,636.8508019507354,183.94919804926454,19,636.8508019507354,183.94919804926454,19.0,06:15
50pct,25,izobrazevalno,28.628047939266,14.571952060734,1,0.0,0.0,0.0,06:15
50pct,25,poslovno,133.45382095493207,39.34617904506792,4,133.45382095493207,39.34617904506792,4.0,06:15
50pct,25,stanovanjsko,293877.63466894993,59325.56533105009,8176,0.0,0.0,0.0,06:15
50pct,25,zelene_povrsine,38.58782610690319,4.612173893096814,1,0.0,0.0,0.0,06:15
50pct,26,delovno_neopredeljeno,189.3113938913814,26.6886061086186,5,189.3113938913814,26.6886061086186,5.0,06:30
50pct,26,drugo_neopredeljeno,703.7101216814217,203.48987831857826,21,0.0,0.0,0.0,06:30
50pct,26,industrijsko,1726.0240276068287,477.17597239317126,51,1661.981231394059,454.818768605941,49.0,06:30
50pct,26,izobrazevalno,299.12115380903265,89.67884619096735,9,0.0,0.0,0.0,06:30
50pct,26,poslovno,429.5303406741462,88.86965932585379,12,429.5303406741462,88.86965932585379,12.0,06:30
50pct,26,stanovanjsko,290393.97524692625,58705.22475307376,8081,0.0,0.0,0.0,06:30
50pct,26,zelene_povrsine,146.0260022155027,26.77399778449729,4,0.0,0.0,0.0,06:30
50pct,27,delovno_neopredeljeno,669.5622998780683,151.2377001219317,19,669.5622998780683,151.2377001219317,19.0,06:45
50pct,27,drugo_neopredeljeno,1699.004081998283,504.1959180017171,51,0.0,0.0,0.0,06:45
50pct,27,industrijsko,2775.917452566525,723.282547433475,81,2711.874656353755,700.9253436462448,79.0,06:45
50pct,27,izobrazevalno,522.2074208090175,168.99257919098244,16,0.0,0.0,0.0,06:45
50pct,27,poslovno,743.6519993329807,163.54800066701924,21,702.5339467909621,161.46605320903785,20.0,06:45
50pct,27,stanovanjsko,287266.3896614085,58160.81033859151,7996,0.0,0.0,0.0,06:45
50pct,27,zelene_povrsine,207.97628206282747,51.22371793717255,6,0.0,0.0,0.0,06:45
50pct,28,delovno_neopredeljeno,1150.0340493527115,275.5659506472885,33,1150.0340493527115,275.5659506472885,33.0,07:00
50pct,28,drugo_neopredeljeno,2445.5315820763544,751.2684179236456,74,0.0,0.0,0.0,07:00
50pct,28,industrijsko,3606.35500310249,886.4449968975097,104,3542.3122068897205,864.0877931102794,102.0,07:00
50pct,28,izobrazevalno,898.3185221894702,268.0814778105298,27,0.0,0.0,0.0,07:00
50pct,28,poslovno,902.3187839962999,220.88121600370005,26,760.3296216368454,190.07037836315456,22.0,07:00
50pct,28,stanovanjsko,283858.16098129685,57465.03901870316,7901,0.0,0.0,0.0,07:00
50pct,28,zelene_povrsine,206.7512889643561,52.44871103564391,6,0.0,0.0,0.0,07:00
50pct,29,delovno_neopredeljeno,1622.1974127114927,408.2025872885074,47,1622.1974127114927,408.2025872885074,47.0,07:15
50pct,29,drugo_neopredeljeno,2922.2956222204393,879.3043777795608,88,0.0,0.0,0.0,07:15
50pct,29,industrijsko,4388.483739047905,1054.716260952095,126,4293.056214007955,1020.5437859920452,123.0,07:15
50pct,29,izobrazevalno,1309.7395999704854,375.0604000295146,39,0.0,0.0,0.0,07:15
50pct,29,poslovno,1247.298512403775,307.90148759622485,36,1032.4986568264164,263.5013431735835,30.0,07:15
50pct,29,stanovanjsko,250615.18127115126,50791.218728848726,6977,0.0,0.0,0.0,07:15
50pct,29,zelene_povrsine,231.46535382250028,70.93464617749974,7,0.0,0.0,0.0,07:15
50pct,30,delovno_neopredeljeno,2108.0570193730796,483.9429806269204,60,2108.0570193730796,483.9429806269204,60.0,07:30
50pct,30,drugo_neopredeljeno,5005.954946895043,1474.0450531049578,150,0.0,0.0,0.0,07:30
50pct,30,industrijsko,10826.812456286914,2651.5875437130853,312,10441.14231320586,2562.0576867941395,301.0,07:30
50pct,30,izobrazevalno,3736.014052988585,1015.985947011415,110,0.0,0.0,0.0,07:30
50pct,30,poslovno,3068.0854275063193,733.5145724936807,88,2812.6072141103523,686.592785889648,81.0,07:30
50pct,30,stanovanjsko,220819.1333436229,44774.46665637709,6148,0.0,0.0,0.0,07:30
50pct,30,zelene_povrsine,364.0280144978458,111.17198550215423,11,0.0,0.0,0.0,07:30
50pct,31,delovno_neopredeljeno,4486.6404898608,1042.9595101392,128,4486.6404898608,1042.9595101392,128.0,07:45
50pct,31,drugo_neopredeljeno,9103.167493289486,2517.6325067105154,269,0.0,0.0,0.0,07:45
50pct,31,industrijsko,19494.753814358166,4826.846185641835,563,18846.846511928587,4653.953488071412,544.0,07:45
50pct,31,izobrazevalno,5747.485408198995,1553.3145918010048,169,0.0,0.0,0.0,07:45
50pct,31,poslovno,6254.1707625891195,1565.029237410881,181,5679.888876967196,1448.1111230328047,165.0,07:45
50pct,31,stanovanjsko,191404.6321053644,38894.56789463561,5331,0.0,0.0,0.0,07:45
50pct,31,zelene_povrsine,506.65751448480376,141.34248551519624,15,0.0,0.0,0.0,07:45
50pct,32,delovno_neopredeljeno,9433.94327901149,2316.456720988511,272,9433.94327901149,2316.456720988511,272.0,08:00
50pct,32,drugo_neopredeljeno,15024.847034273913,4026.3529657260883,441,0.0,0.0,0.0,08:00
50pct,32,industrijsko,28034.40506085189,6957.594939148114,810,27034.564344496903,6704.635655503093,781.0,08:00
50pct,32,izobrazevalno,8623.307624373381,2349.492375626618,254,0.0,0.0,0.0,08:00
50pct,32,poslovno,9862.17082237538,2622.6291776246203,289,8503.439497432057,2253.360502567943,249.0,08:00
50pct,32,stanovanjsko,169273.85965576643,34673.340344233555,4721,0.0,0.0,0.0,08:00
50pct,32,zelene_povrsine,910.8535744560587,255.54642554394127,27,0.0,0.0,0.0,08:00
50pct,33,delovno_neopredeljeno,15030.297450560953,3675.3025494390477,433,15030.297450560953,3675.3025494390477,433.0,08:15
50pct,33,drugo_neopredeljeno,21686.394777572023,5875.205222427978,638,0.0,0.0,0.0,08:15
50pct,33,industrijsko,34488.547769170305,8711.452230829695,1000,33071.444167984395,8357.355832015603,959.0,08:15
50pct,33,izobrazevalno,10966.98130261846,2986.61869738154,323,0.0,0.0,0.0,08:15
50pct,33,poslovno,13198.736187130333,3476.4638128696674,386,10989.916750603265,2920.4832493967365,322.0,08:15
50pct,33,stanovanjsko,142312.24307480035,29278.156925199644,3972,0.0,0.0,0.0,08:15
50pct,33,zelene_povrsine,1075.3546865232954,307.04531347670445,32,0.0,0.0,0.0,08:15
50pct,34,delovno_neopredeljeno,20597.10767132128,5063.692328678721,594,20597.10767132128,5063.692328678721,594.0,08:30
50pct,34,drugo_neopredeljeno,28286.395741618486,7742.404258381512,834,0.0,0.0,0.0,08:30
50pct,34,industrijsko,41392.77175614826,10490.428243851738,1201,39443.924790795645,10020.075209204355,1145.0,08:30
50pct,34,izobrazevalno,12476.10507960599,3421.4949203940105,368,0.0,0.0,0.0,08:30
50pct,34,poslovno,16283.486854640276,4236.513145359723,475,12919.360382269013,3367.039617730988,377.0,08:30
50pct,34,stanovanjsko,117609.47002534223,24561.72997465776,3291,0.0,0.0,0.0,08:30
50pct,34,zelene_povrsine,1667.8146211083513,448.9853788916489,49,0.0,0.0,0.0,08:30
50pct,35,delovno_neopredeljeno,24803.73158677656,6084.268413223438,715,24803.73158677656,6084.268413223438,715.0,08:45
50pct,35,drugo_neopredeljeno,34927.539856941665,9525.260143058338,1029,0.0,0.0,0.0,08:45
50pct,35,industrijsko,48983.68920866121,12489.910791338792,1423,46498.10528052931,11865.094719470693,1351.0,08:45
50pct,35,izobrazevalno,13650.601999509607,3802.198000490393,404,0.0,0.0,0.0,08:45
50pct,35,poslovno,20403.67452678931,5213.925473210692,593,15471.431408254977,3968.568591745023,450.0,08:45
50pct,35,stanovanjsko,93368.76401189777,19772.03598810223,2619,0.0,0.0,0.0,08:45
50pct,35,zelene_povrsine,2265.0227105788235,586.1772894211765,66,0.0,0.0,0.0,08:45
50pct,36,delovno_neopredeljeno,29597.87348947813,7251.726510521869,853,29597.87348947813,7251.726510521869,853.0,09:00
50pct,36,drugo_neopredeljeno,41524.259406945166,11309.34059305484,1223,0.0,0.0,0.0,09:00
50pct,36,industrijsko,55367.35418187625,14227.845818123742,1611,52586.29598390858,13509.704016091424,1530.0,09:00
50pct,36,izobrazevalno,15127.019914144297,4140.180085855702,446,0.0,0.0,0.0,09:00
50pct,36,poslovno,23274.57128261109,5928.6287173889095,676,17115.508970331626,4398.091029668374,498.0,09:00
50pct,36,stanovanjsko,75378.5353165582,16378.264683441792,2124,0.0,0.0,0.0,09:00
50pct,36,zelene_povrsine,2823.609173311342,761.990826688658,83,0.0,0.0,0.0,09:00
50pct,37,delovno_neopredeljeno,34054.397002066355,8195.202997933644,978,34054.397002066355,8195.202997933644,978.0,09:15
50pct,37,drugo_neopredeljeno,47550.933546613094,13058.666453386906,1403,0.0,0.0,0.0,09:15
50pct,37,industrijsko,60228.095703006824,15501.504296993178,1753,57313.39218481051,14787.407815189485,1669.0,09:15
50pct,37,izobrazevalno,15728.02928231339,4359.970717686612,465,0.0,0.0,0.0,09:15
50pct,37,poslovno,26606.093916761118,6830.706083238879,774,18386.723441517486,4768.476558482513,536.0,09:15
50pct,37,stanovanjsko,75726.35096295037,16678.44903704963,2139,0.0,0.0,0.0,09:15
50pct,37,zelene_povrsine,3325.0930041223532,908.5069958776467,98,0.0,0.0,0.0,09:15
50pct,38,delovno_neopredeljeno,38348.05826205223,9258.341737947765,1102,38348.05826205223,9258.341737947765,1102.0,09:30
50pct,38,drugo_neopredeljeno,51174.717110556456,14230.082889443542,1514,0.0,0.0,0.0,09:30
50pct,38,industrijsko,62078.93477479678,15983.465225203227,1807,58785.158322471296,15173.241677528707,1712.0,09:30
50pct,38,izobrazevalno,15974.79355164175,4458.806448358251,473,0.0,0.0,0.0,09:30
50pct,38,poslovno,28249.005501207244,7304.594498792754,823,19120.613062259636,4984.986937740363,558.0,09:30
50pct,38,stanovanjsko,76407.98920935689,16990.4107906431,2162,0.0,0.0,0.0,09:30
50pct,38,zelene_povrsine,3647.322710110782,1018.277289889218,108,0.0,0.0,0.0,09:30
50pct,39,delovno_neopredeljeno,40749.85491868759,9880.545081312412,1172,40749.85491868759,9880.545081312412,1172.0,09:45
50pct,39,drugo_neopredeljeno,52622.85720949736,14812.342790502642,1561,0.0,0.0,0.0,09:45
50pct,39,industrijsko,62350.63165757665,16100.56834242335,1816,59127.019219839065,15306.580780160937,1723.0,09:45
50pct,39,izobrazevalno,15836.529100704438,4381.070899295562,468,0.0,0.0,0.0,09:45
50pct,39,poslovno,29239.575277838023,7566.824722161979,852,19221.30477895764,5013.895221042358,561.0,09:45
50pct,39,stanovanjsko,76696.08658798682,17263.91341201318,2175,0.0,0.0,0.0,09:45
50pct,39,zelene_povrsine,3795.6919478604436,1085.9080521395563,113,0.0,0.0,0.0,09:45
50pct,40,delovno_neopredeljeno,41620.742285562024,10089.657714437979,1197,41620.742285562024,10089.657714437979,1197.0,10:00
50pct,40,drugo_neopredeljeno,52496.75279430757,14852.04720569243,1559,0.0,0.0,0.0,10:00
50pct,40,industrijsko,62383.29516950277,16111.104830497234,1817,59239.34312128437,15323.85687871563,1726.0,10:00
50pct,40,izobrazevalno,15540.21840230207,4331.781597697929,460,0.0,0.0,0.0,10:00
50pct,40,poslovno,29613.310404343585,7625.089595656414,862,19252.122545020666,5026.277454979332,562.0,10:00
50pct,40,stanovanjsko,76820.57682581712,17571.423174182884,2185,0.0,0.0,0.0,10:00
50pct,40,zelene_povrsine,3795.0107731980165,1086.5892268019832,113,0.0,0.0,0.0,10:00
50pct,41,delovno_neopredeljeno,41667.67606904298,10085.923930957018,1198,41667.67606904298,10085.923930957018,1198.0,10:15
50pct,41,drugo_neopredeljeno,51440.774653121,14612.025346878998,1529,0.0,0.0,0.0,10:15
50pct,41,industrijsko,61818.23043370331,15898.569566296692,1799,58668.02947185463,15117.570528145372,1708.0,10:15
50pct,41,izobrazevalno,15125.088243296352,4228.51175670365,448,0.0,0.0,0.0,10:15
50pct,41,poslovno,29439.21157000695,7583.18842999305,857,19284.287931508665,5037.312068491334,563.0,10:15
50pct,41,stanovanjsko,77826.50981121724,17991.090188782757,2218,0.0,0.0,0.0,10:15
50pct,41,zelene_povrsine,3754.407332556957,1083.9926674430426,112,0.0,0.0,0.0,10:15
50pct,42,delovno_neopredeljeno,41449.026763393966,10045.373236606032,1192,41449.026763393966,10045.373236606032,1192.0,10:30
50pct,42,drugo_neopredeljeno,50837.33042660966,14481.069573390343,1512,0.0,0.0,0.0,10:30
50pct,42,industrijsko,61239.02652386635,15786.573476133657,1783,58097.688197666954,14996.711802333048,1692.0,10:30
50pct,42,izobrazevalno,14692.28458264604,4056.515417353961,434,0.0,0.0,0.0,10:30
50pct,42,poslovno,29164.69753250904,7512.102467490964,849,19125.530040263857,4980.069959736141,558.0,10:30
50pct,42,stanovanjsko,79238.75192866132,18566.048071338675,2264,0.0,0.0,0.0,10:30
50pct,42,zelene_povrsine,3750.5533907363833,1087.8466092636168,112,0.0,0.0,0.0,10:30
50pct,43,delovno_neopredeljeno,41042.55585371052,9976.644146289482,1181,41042.55585371052,9976.644146289482,1181.0,10:45
50pct,43,drugo_neopredeljeno,50224.5778728947,14359.422127105305,1495,0.0,0.0,0.0,10:45
50pct,43,industrijsko,60486.201713692324,15632.198286307672,1762,57429.14363608041,14844.456363919591,1673.0,10:45
50pct,43,izobrazevalno,14329.506334402073,3944.0936655979262,423,0.0,0.0,0.0,10:45
50pct,43,poslovno,28944.15172578625,7430.248274213751,842,18947.68909999806,4941.91090000194,553.0,10:45
50pct,43,stanovanjsko,80213.93980590408,19189.260194095918,2301,0.0,0.0,0.0,10:45
50pct,43,zelene_povrsine,3613.726806416148,1051.8731935838518,108,0.0,0.0,0.0,10:45
50pct,44,delovno_neopredeljeno,40846.81318353722,9956.386816462786,1176,40846.81318353722,9956.386816462786,1176.0,11:00
50pct,44,drugo_neopredeljeno,49828.92365882336,14236.676341176637,1483,0.0,0.0,0.0,11:00
50pct,44,industrijsko,60154.644357805584,15574.95564219442,1753,56992.330457137505,14762.869542862492,1661.0,11:00
50pct,44,izobrazevalno,13901.302577289563,3853.897422710438,411,0.0,0.0,0.0,11:00
50pct,44,poslovno,28916.98325292457,7457.416747075432,842,18840.173391552664,4919.8266084473335,550.0,11:00
50pct,44,stanovanjsko,81841.21495859837,20024.385041401634,2358,0.0,0.0,0.0,11:00
50pct,44,zelene_povrsine,3643.6698604658095,1065.1301395341902,109,0.0,0.0,0.0,11:00
50pct,45,delovno_neopredeljeno,40481.21817807702,9889.981821922978,1166,40481.21817807702,9889.981821922978,1166.0,11:15
50pct,45,drugo_neopredeljeno,49495.54831117958,14094.851688820425,1472,0.0,0.0,0.0,11:15
50pct,45,industrijsko,59359.95805802093,15419.241941979073,1731,56464.59193952428,14685.80806047572,1647.0,11:15
50pct,45,izobrazevalno,13702.920713894291,3793.0792861057093,405,0.0,0.0,0.0,11:15
50pct,45,poslovno,28771.272043778918,7430.32795622108,838,18566.198298533687,4848.201701466309,542.0,11:15
50pct,45,stanovanjsko,84406.46304027634,21001.53695972365,2440,0.0,0.0,0.0,11:15
50pct,45,zelene_povrsine,3752.5532444608343,1085.8467555391658,112,0.0,0.0,0.0,11:15
50pct,46,delovno_neopredeljeno,40228.46256044337,9797.137439556629,1158,40228.46256044337,9797.137439556629,1158.0,11:30
50pct,46,drugo_neopredeljeno,49125.481521969334,14032.918478030664,1462,0.0,0.0,0.0,11:30
50pct,46,industrijsko,58828.38767789338,15216.412322106626,1714,56183.50716064605,14578.092839353949,1638.0,11:30
50pct,46,izobrazevalno,13436.270543972294,3714.1294560277047,397,0.0,0.0,0.0,11:30
50pct,46,poslovno,28439.091468465827,7330.508531534175,828,18464.329820104216,4820.470179895782,539.0,11:30
50pct,46,stanovanjsko,86595.28302468566,21793.51697531434,2509,0.0,0.0,0.0,11:30
50pct,46,zelene_povrsine,3802.020679988608,1079.5793200113917,113,0.0,0.0,0.0,11:30
50pct,47,delovno_neopredeljeno,40134.57213895046,9804.627861049537,1156,40134.57213895046,9804.627861049537,1156.0,11:45
50pct,47,drugo_neopredeljeno,48185.72812237502,13849.471877624988,1436,0.0,0.0,0.0,11:45
50pct,47,industrijsko,58349.00629978371,15134.193700216289,1701,55765.97304069154,14520.426959308463,1627.0,11:45
50pct,47,izobrazevalno,13189.263659285041,3658.7363407149574,390,0.0,0.0,0.0,11:45
50pct,47,poslovno,28035.285252591337,7259.114747408663,817,18374.86498471494,4823.53501528506,537.0,11:45
50pct,47,stanovanjsko,88345.98608365929,22462.013916340704,2565,0.0,0.0,0.0,11:45
50pct,47,zelene_povrsine,3569.051729343235,1010.1482706567649,106,0.0,0.0,0.0,11:45
50pct,48,delovno_neopredeljeno,40248.924508508484,9863.075491491512,1160,40248.924508508484,9863.075491491512,1160.0,12:00
50pct,48,drugo_neopredeljeno,47140.80946779171,13511.990532208292,1404,0.0,0.0,0.0,12:00
50pct,48,industrijsko,58214.56852791996,15182.23147208004,1699,55689.18895900527,14597.211040994733,1627.0,12:00
50pct,48,izobrazevalno,12886.769182925498,3572.430817074501,381,0.0,0.0,0.0,12:00
50pct,48,poslovno,27454.65592294968,7148.544077050317,801,18148.9433530288,4790.256646971199,531.0,12:00
50pct,48,stanovanjsko,90307.66320556121,23178.736794438788,2627,0.0,0.0,0.0,12:00
50pct,48,zelene_povrsine,3623.4543118365827,1042.1456881634172,108,0.0,0.0,0.0,12:00
50pct,49,delovno_neopredeljeno,40031.31172703873,9821.488272961271,1154,40031.31172703873,9821.488272961271,1154.0,12:15
50pct,49,drugo_neopredeljeno,45774.81210065873,13063.587899341268,1362,0.0,0.0,0.0,12:15
50pct,49,industrijsko,58334.48531603659,15278.314683963416,1704,55887.47887432794,14701.32112567206,1634.0,12:15
50pct,49,izobrazevalno,12589.184871037414,3481.2151289625876,372,0.0,0.0,0.0,12:15
50pct,49,poslovno,27242.56248652201,7101.437513477994,795,18165.808923050794,4816.591076949206,532.0,12:15
50pct,49,stanovanjsko,92152.07823076744,23883.121769232555,2686,0.0,0.0,0.0,12:15
50pct,49,zelene_povrsine,3644.332889963201,1064.4671100367989,109,0.0,0.0,0.0,12:15
50pct,50,delovno_neopredeljeno,40092.61181113702,9846.58818886298,1156,40092.61181113702,9846.58818886298,1156.0,12:30
50pct,50,drugo_neopredeljeno,44859.0416432521,12812.958356747904,1335,0.0,0.0,0.0,12:30
50pct,50,industrijsko,58104.864281942544,15205.535718057454,1697,55858.65672733061,14686.943272669396,1633.0,12:30
50pct,50,izobrazevalno,12427.422707539523,3426.9772924604786,367,0.0,0.0,0.0,12:30
50pct,50,poslovno,26971.88413482752,7069.71586517248,788,18037.565705270546,4815.234294729451,529.0,12:30
50pct,50,stanovanjsko,94149.06772211278,24694.132277887205,2751,0.0,0.0,0.0,12:30
50pct,50,zelene_povrsine,3509.1341881511235,1026.8658118488765,105,0.0,0.0,0.0,12:30
50pct,51,delovno_neopredeljeno,39984.11512670695,9868.684873293052,1154,39984.11512670695,9868.684873293052,1154.0,12:45
50pct,51,drugo_neopredeljeno,43898.05698747866,12607.543012521342,1308,0.0,0.0,0.0,12:45
50pct,51,industrijsko,57826.811543447046,15224.38845655296,1691,55570.15951046823,14673.040489531775,1626.0,12:45
50pct,51,izobrazevalno,12126.882577863067,3338.7174221369314,358,0.0,0.0,0.0,12:45
50pct,51,poslovno,26541.213340341597,6981.986659658402,776,18136.14218425242,4846.257815747577,532.0,12:45
50pct,51,stanovanjsko,95485.06267056105,25302.137329438956,2796,0.0,0.0,0.0,12:45
50pct,51,zelene_povrsine,3299.4485189843726,977.3514810156272,99,0.0,0.0,0.0,12:45
50pct,52,delovno_neopredeljeno,40003.62227306111,9892.37772693889,1155,40003.62227306111,9892.37772693889,1155.0,13:00
50pct,52,drugo_neopredeljeno,42268.44551380065,12206.754486199348,1261,0.0,0.0,0.0,13:00
50pct,52,industrijsko,58305.489624811875,15393.71037518813,1706,56088.59044987619,14845.809550123811,1642.0,13:00
50pct,52,izobrazevalno,12004.971874242494,3287.828125757507,354,0.0,0.0,0.0,13:00
50pct,52,poslovno,26428.044432040315,6965.5555679596855,773,18268.170217546787,4887.02978245321,536.0,13:00
50pct,52,stanovanjsko,97306.02283405291,25900.377165947088,2852,0.0,0.0,0.0,13:00
50pct,52,zelene_povrsine,3193.2160739515666,953.9839260484337,96,0.0,0.0,0.0,13:00
50pct,53,delovno_neopredeljeno,40166.1266883921,9945.873311607902,1160,40166.1266883921,9945.873311607902,1160.0,13:15
50pct,53,drugo_neopredeljeno,40559.064616880365,11842.535383119637,1213,0.0,0.0,0.0,13:15
50pct,53,industrijsko,58675.82433670479,15541.775663295211,1718,56457.044411249284,14995.755588750713,1654.0,13:15
50pct,53,izobrazevalno,11731.952059918774,3172.0479400812264,345,0.0,0.0,0.0,13:15
50pct,53,poslovno,26593.068778932662,7016.531221067337,778,18420.895585634233,4950.304414365766,541.0,13:15
50pct,53,stanovanjsko,99184.25773209329,26570.942267906714,2911,0.0,0.0,0.0,13:15
50pct,53,zelene_povrsine,3060.1861201556503,914.2138798443495,92,0.0,0.0,0.0,13:15
50pct,54,delovno_neopredeljeno,40201.04342401338,9954.156575986613,1161,40201.04342401338,9954.156575986613,1161.0,13:30
50pct,54,drugo_neopredeljeno,38951.94252312779,11376.057476872205,1165,0.0,0.0,0.0,13:30
50pct,54,industrijsko,58423.984830594694,15448.015169405307,1710,56335.56467641473,14944.435323585269,1650.0,13:30
50pct,54,izobrazevalno,11391.775557564519,3080.2244424354813,335,0.0,0.0,0.0,13:30
50pct,54,poslovno,26327.669784936068,6979.530215063931,771,18436.770297739593,4977.629702260407,542.0,13:30
50pct,54,stanovanjsko,100883.23604399734,27291.163956002674,2967,0.0,0.0,0.0,13:30
50pct,54,zelene_povrsine,2848.044638219128,823.9553617808717,85,0.0,0.0,0.0,13:30
50pct,55,delovno_neopredeljeno,40246.26443028359,9995.335569716412,1163,40246.26443028359,9995.335569716412,1163.0,13:45
50pct,55,drugo_neopredeljeno,37431.06262819944,10952.937371800559,1120,0.0,0.0,0.0,13:45
50pct,55,industrijsko,58602.04018095097,15529.15981904903,1716,56612.00309215514,15056.796907844864,1659.0,13:45
50pct,55,izobrazevalno,11053.178410571782,2986.821589428219,325,0.0,0.0,0.0,13:45
50pct,55,poslovno,26074.180573490965,6973.819426509035,765,18476.223902081143,5024.576097918855,544.0,13:45
50pct,55,stanovanjsko,103131.06938314706,28110.530616852946,3038,0.0,0.0,0.0,13:45
50pct,55,zelene_povrsine,2810.8846136780044,817.9153863219955,84,0.0,0.0,0.0,13:45
50pct,56,delovno_neopredeljeno,40065.669594051666,10003.130405948337,1159,40065.669594051666,10003.130405948337,1159.0,14:00
50pct,56,drugo_neopredeljeno,35537.602764258474,10383.997235741528,1063,0.0,0.0,0.0,14:00
50pct,56,industrijsko,58265.48831805104,15476.911681948963,1707,56425.56836125553,15027.231638744466,1654.0,14:00
50pct,56,izobrazevalno,10608.103471157094,2870.2965288429073,312,0.0,0.0,0.0,14:00
50pct,56,poslovno,25494.8975958673,6861.9024041327,749,18397.535558949407,5016.864441050591,542.0,14:00
50pct,56,stanovanjsko,105038.98104966994,28881.018950330068,3100,0.0,0.0,0.0,14:00
50pct,56,zelene_povrsine,2746.677337847494,795.722662152506,82,0.0,0.0,0.0,14:00
50pct,57,delovno_neopredeljeno,40213.97806831488,10070.821931685117,1164,40213.97806831488,10070.821931685117,1164.0,14:15
50pct,57,drugo_neopredeljeno,34391.86566461413,10060.93433538587,1029,0.0,0.0,0.0,14:15
50pct,57,industrijsko,57686.94323302228,15277.856766977726,1689,55835.64051496421,14839.559485035787,1636.0,14:15
50pct,57,izobrazevalno,10233.089964177134,2770.110035822865,301,0.0,0.0,0.0,14:15
50pct,57,poslovno,25165.51700639091,6759.282993609089,739,18370.03262345057,5001.167376549427,541.0,14:15
50pct,57,stanovanjsko,107849.49677291146,29915.303227088545,3189,0.0,0.0,0.0,14:15
50pct,57,zelene_povrsine,2522.4192118584024,717.5807881415975,75,0.0,0.0,0.0,14:15
50pct,58,delovno_neopredeljeno,39908.38479198715,9987.615208012854,1155,39908.38479198715,9987.615208012854,1155.0,14:30
50pct,58,drugo_neopredeljeno,32866.747959117856,9598.852040882142,983,0.0,0.0,0.0,14:30
50pct,58,industrijsko,56631.86561003638,14993.73438996362,1658,54995.127865252245,14600.072134747752,1611.0,14:30
50pct,58,izobrazevalno,9743.868534622656,2611.3314653773427,286,0.0,0.0,0.0,14:30
50pct,58,poslovno,24392.636324201278,6581.763675798724,717,18053.940562158576,4928.459437841425,532.0,14:30
50pct,58,stanovanjsko,110467.63948572939,30882.760514270616,3272,0.0,0.0,0.0,14:30
50pct,58,zelene_povrsine,2458.725103731989,694.8748962680113,73,0.0,0.0,0.0,14:30
50pct,59,delovno_neopredeljeno,39640.7255129826,9909.6744870174,1147,39640.7255129826,9909.6744870174,1147.0,14:45
50pct,59,drugo_neopredeljeno,31185.756234065375,9076.643765934623,932,0.0,0.0,0.0,14:45
50pct,59,industrijsko,55359.077148761775,14668.12285123822,1621,53753.06932951467,14286.930670485333,1575.0,14:45
50pct,59,izobrazevalno,8993.78097771309,2454.2190222869103,265,0.0,0.0,0.0,14:45
50pct,59,poslovno,23688.53860948615,6378.661390513849,696,17567.46885226035,4810.131147739649,518.0,14:45
50pct,59,stanovanjsko,113353.16151920773,32058.038480792267,3366,0.0,0.0,0.0,14:45
50pct,59,zelene_povrsine,2426.5107157530524,683.8892842469475,72,0.0,0.0,0.0,14:45
50pct,60,delovno_neopredeljeno,39088.60326058686,9727.39673941314,1130,39088.60326058686,9727.39673941314,1130.0,15:00
50pct,60,drugo_neopredeljeno,29512.30955617582,8633.29044382418,883,0.0,0.0,0.0,15:00
50pct,60,industrijsko,54422.40908777638,14438.390912223618,1594,52924.17057983919,14079.029420160814,1551.0,15:00
50pct,60,izobrazevalno,8582.92485334886,2346.6751466511387,253,0.0,0.0,0.0,15:00
50pct,60,poslovno,22746.215400278044,6111.384599721955,668,17074.298301352814,4655.301698647186,503.0,15:00
50pct,60,stanovanjsko,117158.04947925208,33480.35052074792,3487,0.0,0.0,0.0,15:00
50pct,60,zelene_povrsine,2239.1255985643,612.0744014356997,66,0.0,0.0,0.0,15:00
50pct,61,delovno_neopredeljeno,37156.712153555585,9240.087846444418,1074,37156.712153555585,9240.087846444418,1074.0,15:15
50pct,61,drugo_neopredeljeno,27732.077987810953,8210.322012189046,832,0.0,0.0,0.0,15:15
50pct,61,industrijsko,50014.465452770775,13316.734547229227,1466,48556.57664565035,12960.223354349646,1424.0,15:15
50pct,61,izobrazevalno,8056.51166302942,2225.0883369705807,238,0.0,0.0,0.0,15:15
50pct,61,poslovno,21469.014958069445,5790.185041930553,631,15931.175184917603,4372.824815082397,470.0,15:15
50pct,61,stanovanjsko,121575.95079849247,35153.64920150752,3628,0.0,0.0,0.0,15:15
50pct,61,zelene_povrsine,2105.3015510466767,573.0984489533237,62,0.0,0.0,0.0,15:15
50pct,62,delovno_neopredeljeno,35005.218954074466,8713.18104592553,1012,35005.218954074466,8713.18104592553,1012.0,15:30
50pct,62,drugo_neopredeljeno,25995.768317721584,7743.4316822784185,781,0.0,0.0,0.0,15:30
50pct,62,industrijsko,44878.62859809497,11972.57140190503,1316,43520.52367497651,11645.87632502349,1277.0,15:30
50pct,62,izobrazevalno,7541.586923674535,2092.013076325465,223,0.0,0.0,0.0,15:30
50pct,62,poslovno,19272.41878539886,5178.781214601138,566,14228.049493795574,3872.7505062044274,419.0,15:30
50pct,62,stanovanjsko,128528.36821223125,37446.03178776875,3842,0.0,0.0,0.0,15:30
50pct,62,zelene_povrsine,2030.307700378803,561.6922996211971,60,0.0,0.0,0.0,15:30
50pct,63,delovno_neopredeljeno,31314.96606599831,7824.23393400169,906,31314.96606599831,7824.23393400169,906.0,15:45
50pct,63,drugo_neopredeljeno,24204.301402299163,7158.898597700836,726,0.0,0.0,0.0,15:45
50pct,63,industrijsko,38875.54048988562,10286.059510114377,1138,37562.049547577306,9957.950452422696,1100.0,15:45
50pct,63,izobrazevalno,7003.428269193641,1938.9717308063591,207,0.0,0.0,0.0,15:45
50pct,63,poslovno,17368.092345199428,4663.907654800571,510,12636.262925162237,3477.337074837763,373.0,15:45
50pct,63,stanovanjsko,138281.29509844154,40696.304901558455,4143,0.0,0.0,0.0,15:45
50pct,63,zelene_povrsine,1820.2935853573804,512.5064146426197,54,0.0,0.0,0.0,15:45
50pct,64,delovno_neopredeljeno,27598.082224310347,6875.517775689654,798,27598.082224310347,6875.517775689654,798.0,16:00
50pct,64,drugo_neopredeljeno,22214.49701351408,6686.302986485922,669,0.0,0.0,0.0,16:00
50pct,64,industrijsko,32577.45912774605,8764.940872253954,957,31291.509590952777,8452.490409047225,920.0,16:00
50pct,64,izobrazevalno,6593.151331170418,1830.8486688295818,195,0.0,0.0,0.0,16:00
50pct,64,poslovno,14883.830348781008,3994.5696512189925,437,10415.844296752455,2889.755703247544,308.0,16:00
50pct,64,stanovanjsko,148904.14807731815,44502.25192268184,4477,0.0,0.0,0.0,16:00
50pct,64,zelene_povrsine,1715.0341351444008,488.16586485559895,51,0.0,0.0,0.0,16:00
50pct,65,delovno_neopredeljeno,23782.501765392764,5982.298234607236,689,23782.501765392764,5982.298234607236,689.0,16:15
50pct,65,drugo_neopredeljeno,21003.953859472556,6298.446140527445,632,0.0,0.0,0.0,16:15
50pct,65,industrijsko,25572.92997135249,6956.670028647513,753,24322.785505023556,6651.614494976445,717.0,16:15
50pct,65,izobrazevalno,6138.023855810698,1681.1761441893027,181,0.0,0.0,0.0,16:15
50pct,65,poslovno,12256.43540699003,3295.5645930099727,360,8168.469587292194,2285.9304127078058,242.0,16:15
50pct,65,stanovanjsko,161424.53638720536,48484.263612794624,4859,0.0,0.0,0.0,16:15
50pct,65,zelene_povrsine,1650.7286030587966,466.0713969412033,49,0.0,0.0,0.0,16:15
50pct,66,delovno_neopredeljeno,19226.996814894905,4965.003185105095,560,19226.996814894905,4965.003185105095,560.0,16:30
50pct,66,drugo_neopredeljeno,19577.425794366907,5910.574205633093,590,0.0,0.0,0.0,16:30
50pct,66,industrijsko,19729.630901929726,5412.769098070274,582,18623.79024476529,5136.209755234711,550.0,16:30
50pct,66,izobrazevalno,5571.572067515123,1513.2279324848766,164,0.0,0.0,0.0,16:30
50pct,66,poslovno,9999.407785450981,2701.3922145490183,294,6147.243481092988,1715.156518907012,182.0,16:30
50pct,66,stanovanjsko,175545.52014955258,53198.47985044741,5295,0.0,0.0,0.0,16:30
50pct,66,zelene_povrsine,1588.9449469968038,441.4550530031962,47,0.0,0.0,0.0,16:30
50pct,67,delovno_neopredeljeno,13886.000044325585,3696.399955674415,407,13886.000044325585,3696.399955674415,407.0,16:45
50pct,67,drugo_neopredeljeno,18043.148480909156,5457.651519090847,544,0.0,0.0,0.0,16:45
50pct,67,industrijsko,14511.935213194773,4107.264786805227,431,13443.29449201011,3836.705507989889,400.0,16:45
50pct,67,izobrazevalno,4983.82074869855,1366.5792513014508,147,0.0,0.0,0.0,16:45
50pct,67,poslovno,7916.461729044346,2149.138270955654,233,4284.820365185182,1244.7796348148183,128.0,16:45
50pct,67,stanovanjsko,188878.57739225274,57663.822607747265,5707,0.0,0.0,0.0,16:45
50pct,67,zelene_povrsine,1451.9296124956284,405.67038750437166,43,0.0,0.0,0.0,16:45
50pct,68,delovno_neopredeljeno,9745.066745583501,2653.333254416499,287,9745.066745583501,2653.333254416499,287.0,17:00
50pct,68,drugo_neopredeljeno,16354.711375938903,4986.088624061098,494,0.0,0.0,0.0,17:00
50pct,68,industrijsko,10489.157152174357,2989.2428478256425,312,9420.516430989697,2718.683569010304,281.0,17:00
50pct,68,izobrazevalno,4576.3093792479,1255.6906207520997,135,0.0,0.0,0.0,17:00
50pct,68,poslovno,6039.419041245383,1693.380958754617,179,2665.812108827695,833.387891172305,81.0,17:00
50pct,68,stanovanjsko,201762.06902846508,61801.13097153491,6101,0.0,0.0,0.0,17:00
50pct,68,zelene_povrsine,1339.962471154191,344.83752884580906,39,0.0,0.0,0.0,17:00
50pct,69,delovno_neopredeljeno,5935.498156729091,1624.5018432709098,175,5935.498156729091,1624.5018432709098,175.0,17:15
50pct,69,drugo_neopredeljeno,15131.71857678776,4653.88142321224,458,0.0,0.0,0.0,17:15
50pct,69,industrijsko,6809.691486026066,1959.9085139739343,203,5893.713162344238,1709.4868376557615,176.0,17:15
50pct,69,izobrazevalno,4317.691565509262,1168.7084344907387,127,0.0,0.0,0.0,17:15
50pct,69,poslovno,4687.379881954781,1360.6201180452185,140,1640.2338310707134,562.9661689292866,51.0,17:15
50pct,69,stanovanjsko,214133.29595680884,65932.30404319115,6483,0.0,0.0,0.0,17:15
50pct,69,zelene_povrsine,1219.8820245612571,292.11797543874286,35,0.0,0.0,0.0,17:15
50pct,70,delovno_neopredeljeno,3793.301324890184,1088.298675109816,113,3793.301324890184,1088.298675109816,113.0,17:30
50pct,70,drugo_neopredeljeno,13913.767639180114,4316.632360819886,422,0.0,0.0,0.0,17:30
50pct,70,industrijsko,4238.898954619315,1290.7010453806847,128,3322.920630937488,1040.279369062512,101.0,17:30
50pct,70,izobrazevalno,3957.5852026912426,1096.8147973087573,117,0.0,0.0,0.0,17:30
50pct,70,poslovno,3579.210237963936,1043.1897620360637,107,886.7169491336033,322.8830508663967,28.0,17:30
50pct,70,stanovanjsko,225620.8188474383,69780.7811525617,6838,0.0,0.0,0.0,17:30
50pct,70,zelene_povrsine,1214.5276932761044,297.47230672389554,35,0.0,0.0,0.0,17:30
50pct,71,delovno_neopredeljeno,2743.6236059712546,798.7763940287454,82,2743.6236059712546,798.7763940287454,82.0,17:45
50pct,71,drugo_neopredeljeno,12521.895907894865,3937.304092105135,381,0.0,0.0,0.0,17:45
50pct,71,industrijsko,3582.093533871416,1126.7064661285833,109,2766.746258498987,905.2537415010129,85.0,17:45
50pct,71,izobrazevalno,3471.3516612840385,978.2483387159616,103,0.0,0.0,0.0,17:45
50pct,71,poslovno,3064.1531118415987,910.2468881584014,92,687.9182812485417,262.4817187514583,22.0,17:45
50pct,71,stanovanjsko,235664.4345024335,73258.7654975665,7151,0.0,0.0,0.0,17:45
50pct,71,zelene_povrsine,1214.5276932761044,297.47230672389554,35,0.0,0.0,0.0,17:45
50pct,72,delovno_neopredeljeno,1855.1974987361054,564.0025012638947,56,1855.1974987361054,564.0025012638947,56.0,18:00
50pct,72,drugo_neopredeljeno,11270.138363853275,3547.4616361467256,343,0.0,0.0,0.0,18:00
50pct,72,industrijsko,3256.904040015565,1019.8959599844349,99,2441.556764643136,798.4432353568642,75.0,18:00
50pct,72,izobrazevalno,3119.4526778308855,854.9473221691146,92,0.0,0.0,0.0,18:00
50pct,72,poslovno,2815.27106107856,856.7289389214402,85,580.3027776909018,240.49722230909816,19.0,18:00
50pct,72,stanovanjsko,242592.41691494978,75618.78308505024,7366,0.0,0.0,0.0,18:00
50pct,72,zelene_povrsine,1050.271276159732,245.72872384026795,30,0.0,0.0,0.0,18:00
50pct,73,delovno_neopredeljeno,1414.2267458023216,443.3732541976782,43,1414.2267458023216,443.3732541976782,43.0,18:15
50pct,73,drugo_neopredeljeno,10313.630332379396,3251.169667620604,314,0.0,0.0,0.0,18:15
50pct,73,industrijsko,2858.622004057521,899.7779959424794,87,2081.6801679583327,683.1198320416673,64.0,18:15
50pct,73,izobrazevalno,2796.0513352869293,789.5486647130706,83,0.0,0.0,0.0,18:15
50pct,73,poslovno,2537.0327884709363,746.1672115290636,76,514.9995431040433,219.4004568959568,17.0,18:15
50pct,73,stanovanjsko,247833.50932451556,77462.49067548444,7530,0.0,0.0,0.0,18:15
50pct,73,zelene_povrsine,901.7308150597978,221.46918494020213,26,0.0,0.0,0.0,18:15
50pct,74,delovno_neopredeljeno,1119.7289188201637,392.27108117983636,35,1119.7289188201637,392.27108117983636,35.0,18:30
50pct,74,drugo_neopredeljeno,9141.258550492463,2911.5414495075365,279,0.0,0.0,0.0,18:30
50pct,74,industrijsko,2514.363854385387,812.0361456146127,77,1836.5093949470977,625.8906050529024,57.0,18:30
50pct,74,izobrazevalno,2360.959205418423,706.2407945815769,71,0.0,0.0,0.0,18:30
50pct,74,poslovno,2187.7156806716407,663.4843193283593,66,449.5446411426573,198.45535885734267,15.0,18:30
50pct,74,stanovanjsko,251303.8857620653,78830.51423793471,7642,0.0,0.0,0.0,18:30
50pct,74,zelene_povrsine,858.2591616523111,221.7408383476888,25,0.0,0.0,0.0,18:30
50pct,75,delovno_neopredeljeno,778.8825645538351,257.91743544616486,24,778.8825645538351,257.91743544616486,24.0,18:45
50pct,75,drugo_neopredeljeno,7569.136029272071,2366.8639707279294,230,0.0,0.0,0.0,18:45
50pct,75,industrijsko,2358.5335399374367,751.8664600625633,72,1742.7803468104223,590.0196531895778,54.0,18:45
50pct,75,izobrazevalno,2090.9417253869983,630.6582746130018,63,0.0,0.0,0.0,18:45
50pct,75,poslovno,1888.9395662163568,573.4604337836432,57,390.0787248480506,171.52127515194937,13.0,18:45
50pct,75,stanovanjsko,254670.00646121407,80173.19353878593,7751,0.0,0.0,0.0,18:45
50pct,75,zelene_povrsine,617.2809940765944,160.31900592340557,18,0.0,0.0,0.0,18:45
50pct,76,delovno_neopredeljeno,711.3195483921543,239.0804516078457,22,711.3195483921543,239.0804516078457,22.0,19:00
50pct,76,drugo_neopredeljeno,6758.07867589902,2141.1213241009796,206,0.0,0.0,0.0,19:00
50pct,76,industrijsko,2160.7517630977068,690.448236902293,66,1544.9985699706926,528.6014300293075,48.0,19:00
50pct,76,izobrazevalno,1680.3924552113986,522.8075447886014,51,0.0,0.0,0.0,19:00
50pct,76,poslovno,1716.2451819746314,530.1548180253685,52,390.0787248480506,171.52127515194937,13.0,19:00
50pct,76,stanovanjsko,257543.70892655663,81273.89107344337,7843,0.0,0.0,0.0,19:00
50pct,76,zelene_povrsine,542.9737928427072,148.22620715729272,16,0.0,0.0,0.0,19:00
50pct,77,delovno_neopredeljeno,544.6070925813432,189.79290741865682,17,544.6070925813432,189.79290741865682,17.0,19:15
50pct,77,drugo_neopredeljeno,5837.68060182316,1851.9193981768396,178,0.0,0.0,0.0,19:15
50pct,77,industrijsko,1857.9531320104563,604.4468679895438,57,1312.21840074664,458.9815992533598,41.0,19:15
50pct,77,izobrazevalno,1346.8565449043338,424.34345509566606,41,0.0,0.0,0.0,19:15
50pct,77,poslovno,1482.6940556661432,461.3059443338567,45,328.38618259283953,146.81381740716046,11.0,19:15
50pct,77,stanovanjsko,259663.11338634894,82135.28661365106,7912,0.0,0.0,0.0,19:15
50pct,77,zelene_povrsine,503.59084381022916,144.4091561897708,15,0.0,0.0,0.0,19:15
50pct,78,delovno_neopredeljeno,409.7083122023022,151.8916877976978,13,409.7083122023022,151.8916877976978,13.0,19:30
50pct,78,drugo_neopredeljeno,5120.359060180168,1575.6409398198323,155,0.0,0.0,0.0,19:30
50pct,78,industrijsko,1636.1684420675729,523.8315579324271,50,1130.4291110422937,381.5708889577063,35.0,19:30
50pct,78,izobrazevalno,1152.2740989122847,359.7259010877154,35,0.0,0.0,0.0,19:30
50pct,78,poslovno,1388.3686075090382,426.0313924909617,42,270.716352679226,118.08364732077396,9.0,19:30
50pct,78,stanovanjsko,261692.7429203033,82913.65707969666,7977,0.0,0.0,0.0,19:30
50pct,78,zelene_povrsine,341.59702218732167,90.40297781267829,10,0.0,0.0,0.0,19:30
50pct,79,delovno_neopredeljeno,388.39711703297894,130.00288296702107,12,388.39711703297894,130.00288296702107,12.0,19:45
50pct,79,drugo_neopredeljeno,4298.667828366856,1360.5321716331437,131,0.0,0.0,0.0,19:45
50pct,79,industrijsko,1379.5097828727971,434.89021712720285,42,942.2209009595784,310.57909904042157,29.0,19:45
50pct,79,izobrazevalno,920.9396619337092,288.6603380662907,28,0.0,0.0,0.0,19:45
50pct,79,poslovno,1230.0113659762196,368.38863402378024,37,214.19902833826882,88.20097166173119,7.0,19:45
50pct,79,stanovanjsko,263450.40275161027,83704.79724838972,8036,0.0,0.0,0.0,19:45
50pct,79,zelene_povrsine,341.59702218732167,90.40297781267829,10,0.0,0.0,0.0,19:45
50pct,80,delovno_neopredeljeno,324.29282053370486,107.70717946629516,10,324.29282053370486,107.70717946629516,10.0,20:00
50pct,80,drugo_neopredeljeno,3877.4688962345576,1220.1311037654427,118,0.0,0.0,0.0,20:00
50pct,80,industrijsko,1235.4024591520238,406.19754084797637,38,798.113577238805,281.88642276119504,25.0,20:00
50pct,80,izobrazevalno,800.5495462874297,236.2504537125702,24,0.0,0.0,0.0,20:00
50pct,80,poslovno,976.1275852945248,319.8724147054751,30,175.66320998186222,83.53679001813776,6.0,20:00
50pct,80,stanovanjsko,265179.2225705332,84438.37742946681,8093,0.0,0.0,0.0,20:00
50pct,80,zelene_povrsine,244.32203245080925,58.07796754919074,7,0.0,0.0,0.0,20:00
50pct,81,delovno_neopredeljeno,224.93998566196024,77.46001433803978,7,224.93998566196024,77.46001433803978,7.0,20:15
50pct,81,drugo_neopredeljeno,3291.1379548262753,1028.8620451737247,100,0.0,0.0,0.0,20:15
50pct,81,industrijsko,1080.682032653392,344.91796734660795,33,643.3931507401734,220.60684925982665,20.0,20:15
50pct,81,izobrazevalno,736.4010697101214,213.99893028987853,22,0.0,0.0,0.0,20:15
50pct,81,poslovno,851.5129451070578,271.68705489294223,26,115.26677335729798,57.53322664270202,4.0,20:15
50pct,81,stanovanjsko,266289.0610536129,84926.9389463871,8130,0.0,0.0,0.0,20:15
50pct,81,zelene_povrsine,176.88273059298933,39.117269407010646,5,0.0,0.0,0.0,20:15
50pct,82,delovno_neopredeljeno,119.7954508829827,53.00454911701729,4,119.7954508829827,53.00454911701729,4.0,20:30
50pct,82,drugo_neopredeljeno,2749.8590536351744,792.5409463648257,82,0.0,0.0,0.0,20:30
50pct,82,industrijsko,973.6440926042761,322.35590739572393,30,569.3605180748434,208.23948192515653,18.0,20:30
50pct,82,izobrazevalno,667.6106589869922,196.38934101300774,20,0.0,0.0,0.0,20:30
50pct,82,poslovno,851.5129451070578,271.68705489294223,26,115.26677335729798,57.53322664270202,4.0,20:30
50pct,82,stanovanjsko,267212.14819714654,85343.05180285347,8161,0.0,0.0,0.0,20:30
50pct,82,zelene_povrsine,71.65908785402837,14.740912145971617,2,0.0,0.0,0.0,20:30
50pct,83,delovno_neopredeljeno,89.38825315779913,40.21174684220087,3,89.38825315779913,40.21174684220087,3.0,20:45
50pct,83,drugo_neopredeljeno,2370.3524920069462,696.8475079930538,71,0.0,0.0,0.0,20:45
50pct,83,industrijsko,792.5065042144981,244.29349578550182,24,506.3987639672223,184.8012360327777,16.0,20:45
50pct,83,izobrazevalno,522.2418358536587,168.9581641463413,16,0.0,0.0,0.0,20:45
50pct,83,poslovno,752.4327170688962,241.16728293110373,23,115.26677335729798,57.53322664270202,4.0,20:45
50pct,83,stanovanjsko,268208.6558397996,85815.34416020039,8195,0.0,0.0,0.0,20:45
50pct,83,zelene_povrsine,71.65908785402837,14.740912145971617,2,0.0,0.0,0.0,20:45
50pct,84,delovno_neopredeljeno,58.56742419896314,27.83257580103686,2,58.56742419896314,27.83257580103686,2.0,21:00
50pct,84,drugo_neopredeljeno,1945.4267528370228,560.1732471629771,58,0.0,0.0,0.0,21:00
50pct,84,industrijsko,699.4619803968897,207.73801960311027,21,442.2552809854487,162.54471901455133,14.0,21:00
50pct,84,izobrazevalno,453.5460847623709,151.25391523762906,14,0.0,0.0,0.0,21:00
50pct,84,poslovno,679.9760574257625,227.22394257423753,21,115.26677335729798,57.53322664270202,4.0,21:00
50pct,84,stanovanjsko,269132.74442880886,86230.45557119115,8226,0.0,0.0,0.0,21:00
50pct,84,zelene_povrsine,37.32892161304862,5.871078386951377,1,0.0,0.0,0.0,21:00
50pct,85,delovno_neopredeljeno,58.56742419896314,27.83257580103686,2,58.56742419896314,27.83257580103686,2.0,21:15
50pct,85,drugo_neopredeljeno,1563.8318917254546,423.3681082745453,46,0.0,0.0,0.0,21:15
50pct,85,industrijsko,621.8072811538873,198.9927188461128,19,406.6231703487362,154.9768296512638,13.0,21:15
50pct,85,izobrazevalno,417.5286772834984,144.0713227165016,13,0.0,0.0,0.0,21:15
50pct,85,poslovno,629.2080183591263,191.59198164087368,19,115.26677335729798,57.53322664270202,4.0,21:15
50pct,85,stanovanjsko,270010.7078504823,86648.49214951767,8256,0.0,0.0,0.0,21:15
50pct,85,zelene_povrsine,37.32892161304862,5.871078386951377,1,0.0,0.0,0.0,21:15
50pct,86,delovno_neopredeljeno,25.83861170572692,17.36138829427308,1,25.83861170572692,17.36138829427308,1.0,21:30
50pct,86,drugo_neopredeljeno,1233.2803748098875,321.91962519011264,36,0.0,0.0,0.0,21:30
50pct,86,industrijsko,489.8957687166433,158.10423128335668,15,315.4378915157613,116.56210848423869,10.0,21:30
50pct,86,izobrazevalno,296.46725642361594,92.33274357638405,9,0.0,0.0,0.0,21:30
50pct,86,poslovno,465.416716103221,139.38328389677898,14,89.9019705023548,39.698029497645194,3.0,21:30
50pct,86,stanovanjsko,270624.40362116543,86898.79637883458,8276,0.0,0.0,0.0,21:30
50pct,86,zelene_povrsine,37.32892161304862,5.871078386951377,1,0.0,0.0,0.0,21:30
50pct,87,delovno_neopredeljeno,25.83861170572692,17.36138829427308,1,25.83861170572692,17.36138829427308,1.0,21:45
50pct,87,drugo_neopredeljeno,1116.8536831446597,265.54631685534025,32,0.0,0.0,0.0,21:45
50pct,87,industrijsko,295.6072270996048,93.1927729003952,9,196.7265596154484,62.4734403845516,6.0,21:45
50pct,87,izobrazevalno,262.13851759263895,83.46148240736102,8,0.0,0.0,0.0,21:45
50pct,87,poslovno,323.1898627802671,108.8101372197329,10,55.5120724859896,30.8879275140104,2.0,21:45
50pct,87,stanovanjsko,271464.21319445956,87268.58680554044,8304,0.0,0.0,0.0,21:45
50pct,87,zelene_povrsine,32.35343925796936,10.84656074203064,1,0.0,0.0,0.0,21:45
50pct,88,drugo_neopredeljeno,719.641999745563,187.558000254437,21,0.0,0.0,0.0,22:00
50pct,88,industrijsko,295.6072270996048,93.1927729003952,9,196.7265596154484,62.4734403845516,6.0,22:00
50pct,88,izobrazevalno,228.78323296076442,73.61676703923555,7,0.0,0.0,0.0,22:00
50pct,88,poslovno,255.3598882187581,90.24011178124192,8,55.5120724859896,30.8879275140104,2.0,22:00
50pct,88,stanovanjsko,272091.71126223705,87505.08873776298,8324,0.0,0.0,0.0,22:00
50pct,88,zelene_povrsine,32.35343925796936,10.84656074203064,1,0.0,0.0,0.0,22:00
50pct,89,drugo_neopredeljeno,584.3702998968553,150.02970010314476,17,0.0,0.0,0.0,22:15
50pct,89,industrijsko,220.76568097391046,81.63431902608954,7,121.88501348975406,50.91498651024594,4.0,22:15
50pct,89,izobrazevalno,199.31294493242905,59.88705506757093,6,0.0,0.0,0.0,22:15
50pct,89,poslovno,255.3598882187581,90.24011178124192,8,55.5120724859896,30.8879275140104,2.0,22:15
50pct,89,stanovanjsko,272542.96289265977,87701.83710734022,8339,0.0,0.0,0.0,22:15
50pct,90,drugo_neopredeljeno,486.6770588854307,118.12294111456927,14,0.0,0.0,0.0,22:30
50pct,90,industrijsko,65.34175571124922,21.05824428875078,2,65.34175571124922,21.05824428875078,2.0,22:30
50pct,90,izobrazevalno,96.03908979123692,33.560910208763076,3,0.0,0.0,0.0,22:30
50pct,90,poslovno,192.81923739445386,66.38076260554615,6,30.56699393396822,12.63300606603178,1.0,22:30
50pct,90,stanovanjsko,272848.01105058345,87828.78894941654,8349,0.0,0.0,0.0,22:30
50pct,91,drugo_neopredeljeno,274.66855588909425,70.93144411090579,8,0.0,0.0,0.0,22:45
50pct,91,izobrazevalno,36.99584936637599,6.204150633624001,1,0.0,0.0,0.0,22:45
50pct,91,poslovno,101.11609850635223,28.483901493647764,3,0.0,0.0,0.0,22:45
50pct,91,stanovanjsko,273231.2093939072,88007.1906060928,8362,0.0,0.0,0.0,22:45
50pct,92,drugo_neopredeljeno,207.578786484555,51.621213515445,6,0.0,0.0,0.0,23:00
50pct,92,izobrazevalno,36.99584936637599,6.204150633624001,1,0.0,0.0,0.0,23:00
50pct,92,poslovno,69.23593856603844,17.164061433961557,2,0.0,0.0,0.0,23:00
50pct,92,stanovanjsko,273679.30775869876,88163.8922413012,8376,0.0,0.0,0.0,23:00
50pct,93,drugo_neopredeljeno,133.65311780202205,39.146882197977945,4,0.0,0.0,0.0,23:15
50pct,93,stanovanjsko,273974.40319912974,88300.79680087029,8386,0.0,0.0,0.0,23:15
50pct,94,drugo_neopredeljeno,27.93972438061357,15.26027561938643,1,0.0,0.0,0.0,23:30
50pct,94,stanovanjsko,274230.14732601924,88390.65267398073,8394,0.0,0.0,0.0,23:30
50pct,95,stanovanjsko,274399.9733454551,88436.82665454494,8399,0.0,0.0,0.0,23:45
