scenarij,TimeStep,Cas,pos_flex_kWh_zgornja,neg_flex_kWh_zgornja,parkirana_vozila_zgornja,pos_flex_kWh_spodnja,neg_flex_kWh_spodnja,parkirana_vozila_spodnja
06_13pct,0,00:00,36988.5,7507.5,1030,0.0,0.0,0
06_13pct,1,00:15,36988.5,7507.5,1030,0.0,0.0,0
06_13pct,2,00:30,36988.5,7507.5,1030,0.0,0.0,0
06_13pct,3,00:45,36988.5,7507.5,1030,0.0,0.0,0
06_13pct,4,01:00,36988.5,7507.5,1030,0.0,0.0,0
06_13pct,5,01:15,36988.5,7507.5,1030,0.0,0.0,0
06_13pct,6,01:30,36988.5,7507.5,1030,0.0,0.0,0
06_13pct,7,01:45,36988.5,7507.5,1030,0.0,0.0,0
06_13pct,8,02:00,36988.5,7507.5,1030,0.0,0.0,0
06_13pct,9,02:15,36988.5,7507.5,1030,0.0,0.0,0
06_13pct,10,02:30,36988.5,7507.5,1030,0.0,0.0,0
06_13pct,11,02:45,36988.5,7507.5,1030,0.0,0.0,0
06_13pct,12,03:00,36988.5,7507.5,1030,0.0,0.0,0
06_13pct,13,03:15,36988.5,7507.5,1030,0.0,0.0,0
06_13pct,14,03:30,36988.5,7507.5,1030,0.0,0.0,0
06_13pct,15,03:45,36988.5,7507.5,1030,0.0,0.0,0
06_13pct,16,04:00,36988.5,7507.5,1030,0.0,0.0,0
06_13pct,17,04:15,36988.5,7507.5,1030,0.0,0.0,0
06_13pct,18,04:30,36988.5,7507.5,1030,0.0,0.0,0
06_13pct,19,04:45,36988.5,7507.5,1030,0.0,0.0,0
06_13pct,20,05:00,36988.5,7507.5,1030,0.0,0.0,0
06_13pct,21,05:15,36988.5,7507.5,1030,0.0,0.0,0
06_13pct,22,05:30,36988.5,7507.5,1030,0.0,0.0,0
06_13pct,23,05:45,36988.5,7507.5,1030,0.0,0.0,0
06_13pct,24,06:00,36392.0,7369.6,1013,0.0,0.0,0
06_13pct,25,06:15,35858.4,7255.2,998,131.0,41.8,4
06_13pct,26,06:30,35963.6,7322.8,1002,401.8,116.6,12
06_13pct,27,06:45,36020.2,7352.6,1004,615.6,162.0,18
06_13pct,28,07:00,35636.7,7347.3,995,753.1,197.3,22
06_13pct,29,07:15,31742.6,6575.8,887,967.7,241.9,28
06_13pct,30,07:30,30299.5,6420.5,850,1891.3,484.7,55
06_13pct,31,07:45,28510.8,6222.0,804,3638.7,940.5,106
06_13pct,32,08:00,29100.6,6409.8,822,5570.8,1384.4,161
06_13pct,33,08:15,29214.3,6598.5,829,7791.0,1885.8,224
06_13pct,34,08:30,29193.4,6921.8,836,9337.4,2283.4,269
06_13pct,35,08:45,29312.8,7148.0,844,10926.7,2681.3,315
06_13pct,36,09:00,30261.1,7582.1,876,12619.7,3061.9,363
06_13pct,37,09:15,32683.5,8183.7,946,13881.6,3355.2,399
06_13pct,38,09:30,33839.4,8496.6,980,14694.2,3536.2,422
06_13pct,39,09:45,34583.5,8746.1,1003,15010.5,3608.7,431
06_13pct,40,10:00,34817.6,8857.6,1011,15206.9,3671.5,437
06_13pct,41,10:15,34397.5,8802.5,1000,15064.9,3640.7,433
06_13pct,42,10:30,34365.4,8791.4,999,14888.3,3601.3,428
06_13pct,43,10:45,34217.0,8767.0,995,14671.8,3558.6,422
06_13pct,44,11:00,34343.3,8856.7,1000,14613.3,3530.7,420
06_13pct,45,11:15,34280.6,8833.0,998,14562.0,3495.6,418
06_13pct,46,11:30,34354.3,8932.1,1002,14556.0,3501.6,418
06_13pct,47,11:45,34315.5,8970.9,1002,14510.7,3503.7,417
06_13pct,48,12:00,34332.2,8997.4,1003,14394.8,3490.0,414
06_13pct,49,12:15,34441.5,9017.7,1006,14427.0,3501.0,415
06_13pct,50,12:30,34158.0,8955.6,998,14278.8,3476.4,411
06_13pct,51,12:45,34274.0,9098.8,1004,14241.8,3513.4,411
06_13pct,52,13:00,34088.3,9111.7,1000,14387.9,3540.1,415
06_13pct,53,13:15,34066.7,9090.1,999,14316.1,3525.5,413
06_13pct,54,13:30,34171.8,9157.8,1003,14489.8,3567.8,418
06_13pct,55,13:45,34109.8,9133.4,1001,14564.2,3579.8,420
06_13pct,56,14:00,34312.2,9233.4,1008,14664.4,3609.2,423
06_13pct,57,14:15,33986.9,9213.1,1000,14411.5,3559.7,416
06_13pct,58,14:30,34104.9,9267.9,1004,14169.7,3499.1,409
06_13pct,59,14:45,33743.9,9240.1,995,13811.8,3425.0,399
06_13pct,60,15:00,33593.3,9261.1,992,13505.3,3342.7,390
06_13pct,61,15:15,32744.5,9159.5,970,12831.3,3195.9,371
06_13pct,62,15:30,32437.7,9077.5,961,11713.2,2888.4,338
06_13pct,63,15:45,31561.4,8873.8,936,10221.0,2479.8,294
06_13pct,64,16:00,31218.5,8871.1,928,8684.4,2072.4,249
06_13pct,65,16:15,31037.6,9008.8,927,7337.4,1777.8,211
06_13pct,66,16:30,30023.3,8899.9,901,5281.6,1328.0,153
06_13pct,67,16:45,29994.3,8928.9,901,3539.7,866.7,102
06_13pct,68,17:00,30425.3,9275.5,919,1955.1,507.3,57
06_13pct,69,17:15,31011.2,9510.4,938,1160.2,351.8,35
06_13pct,70,17:30,31651.5,9820.5,960,672.6,234.6,21
06_13pct,71,17:45,32178.4,9898.4,974,613.4,207.4,19
06_13pct,72,18:00,32814.7,10126.1,994,470.5,177.5,15
06_13pct,73,18:15,33312.6,10362.6,1011,410.2,151.4,13
06_13pct,74,18:30,33247.4,10341.4,1009,380.5,137.9,12
06_13pct,75,18:45,33053.2,10319.6,1004,343.8,131.4,11
06_13pct,76,19:00,33340.8,10464.0,1014,279.2,109.6,9
06_13pct,77,19:15,33430.5,10547.1,1018,243.0,102.6,8
06_13pct,78,19:30,33424.1,10553.5,1018,243.0,102.6,8
06_13pct,79,19:45,33433.1,10587.7,1019,215.7,86.7,7
06_13pct,80,20:00,33619.5,10660.5,1025,215.7,86.7,7
06_13pct,81,20:15,33505.6,10601.6,1021,154.4,61.6,5
06_13pct,82,20:30,33580.5,10656.3,1024,131.2,41.6,4
06_13pct,83,20:45,33420.6,10643.4,1020,52.0,34.4,2
06_13pct,84,21:00,33515.5,10678.1,1023,23.3,19.9,1
06_13pct,85,21:15,33545.0,10691.8,1024,23.3,19.9,1
06_13pct,86,21:30,33605.7,10717.5,1026,23.3,19.9,1
06_13pct,87,21:45,33628.2,10738.2,1027,0.0,0.0,0
06_13pct,88,22:00,33652.5,10757.1,1028,0.0,0.0,0
06_13pct,89,22:15,33637.9,10771.7,1028,0.0,0.0,0
06_13pct,90,22:30,33604.7,10761.7,1027,0.0,0.0,0
06_13pct,91,22:45,33625.1,10784.5,1028,0.0,0.0,0
06_13pct,92,23:00,33584.3,10782.1,1027,0.0,0.0,0
06_13pct,93,23:15,33694.2,10801.8,1030,0.0,0.0,0
06_13pct,94,23:30,33694.2,10801.8,1030,0.0,0.0,0
06_13pct,95,23:45,33694.2,10801.8,1030,0.0,0.0,0
